"Season","Sector","Category","Crop","QueryType","QueryText","KCCAns","StateName","DistrictName","BlockName","CreatedOn"
"KHARIF","AGRICULTURE","Others","Others","Weather","weather information ?","kisaan bhai aapke yahn par poore saptah me 2 -4 aur 5 september ko tej barish ki sambhawana hai baaki dino me hlki bundaa-baandi hone ki sambhawana hai","UTTAR PRADESH","BAGHPAT","KHEKRA                                            ","2018-09-01 06:38:29.893"
"KHARIF","AGRICULTURE","Others","Others","Weather","weather information ?","kisaan bhai aapke yahn par poore saptah me 2 -4 aur 5 september ko tej barish ki sambhawana hai baaki dino me hlki bundaa-baandi hone ki sambhawana hai","UTTAR PRADESH","BAGHPAT","KHEKRA                                            ","2018-09-01 06:38:29.893"
"KHARIF","AGRICULTURE","Others","Others","Weather","give me weather information.....?","kisan bhai is sptah  badal dikhai de rhe hai barish me ki sambhawana hai","UTTAR PRADESH","BAGHPAT","BINAULI                                           ","2018-09-01 06:51:23.407"
"KHARIF","AGRICULTURE","Others","Others","Weather","give me weather information.....?","kisan bhai is sptah  badal dikhai de rhe hai barish me ki sambhawana hai","UTTAR PRADESH","BAGHPAT","BINAULI                                           ","2018-09-01 06:51:23.407"
"KHARIF","AGRICULTURE","Cereals","Paddy (Dhan)","	Plant Protection	","crop protection in paddy?","Hexaconazole 5% SC 400 ml/acre 180 liter pani me milakar chidkav kare.","UTTAR PRADESH","BAGHPAT","CHHAPRAULI                                        ","2018-09-01 08:27:10.610"
"KHARIF","AGRICULTURE","Cereals","Paddy (Dhan)","	Plant Protection	","crop protection in paddy?","Hexaconazole 5% SC 400 ml/acre 180 liter pani me milakar chidkav kare.","UTTAR PRADESH","BAGHPAT","CHHAPRAULI                                        ","2018-09-01 08:27:10.610"
"KHARIF","AGRICULTURE","Others","Others","Weather","weather information ?","kisaan bhai aapke yahn par poore saptah me 2-3-4-5 september ko tej barish ki sambhawana hai baaki dino me hlki bundaa-baandi hone ki sambhawana hai","UTTAR PRADESH","BAGHPAT","PILANA                                            ","2018-09-01 09:01:40.973"
"KHARIF","AGRICULTURE","Others","Others","Weather","weather information ?","kisaan bhai aapke yahn par poore saptah me 2-3-4-5 september ko tej barish ki sambhawana hai baaki dino me hlki bundaa-baandi hone ki sambhawana hai","UTTAR PRADESH","BAGHPAT","PILANA                                            ","2018-09-01 09:01:40.973"
"KHARIF","AGRICULTURE","Cereals","Paddy (Dhan)","	Plant Protection	","stem borer problem in paddy crop ?","Cartap Hydrochloride 50% SP@400gm/acre 150-200 liter pani me gholkar chidakav kre","UTTAR PRADESH","BAGHPAT","KHEKRA                                            ","2018-09-01 12:40:47.977"
"KHARIF","AGRICULTURE","Cereals","Paddy (Dhan)","	Plant Protection	","stem borer problem in paddy crop ?","Cartap Hydrochloride 50% SP@400gm/acre 150-200 liter pani me gholkar chidakav kre","UTTAR PRADESH","BAGHPAT","KHEKRA                                            ","2018-09-01 12:40:47.977"
"KHARIF","AGRICULTURE","Others","Others","Weather","Asking about weather information  ?","Farmers do here is likely to drizzle with the cloud September 06 |","UTTAR PRADESH","BAGHPAT","BINAULI                                           ","2018-09-01 12:45:31.570"
"KHARIF","AGRICULTURE","Others","Others","Weather","Asking about weather information  ?","Farmers do here is likely to drizzle with the cloud September 06 |","UTTAR PRADESH","BAGHPAT","BINAULI                                           ","2018-09-01 12:45:31.570"
"KHARIF","AGRICULTURE","Others","Others","Weather","Weather information?","kisan bhai aapke yhan es sptah baadl chhaye rhne ke sath-sath 01 se 04 September tk hlki se mdhym baarish hone ke aasar bne huye hai","UTTAR PRADESH","BAGHPAT","BINAULI                                           ","2018-09-01 12:52:35.580"
"KHARIF","AGRICULTURE","Others","Others","Weather","Weather information?","kisan bhai aapke yhan es sptah baadl chhaye rhne ke sath-sath 01 se 04 September tk hlki se mdhym baarish hone ke aasar bne huye hai","UTTAR PRADESH","BAGHPAT","BINAULI                                           ","2018-09-01 12:52:35.580"
"JAYAD","AGRICULTURE","Others","Others","Weather","Weather information ?","kisan bhai aapke yaha 1 september se 6 september tak barish hone ki sambhavna hai.","UTTAR PRADESH","BAGHPAT","BARAUT                                            ","2018-09-01 12:59:28.267"
"JAYAD","AGRICULTURE","Others","Others","Weather","Weather information ?","kisan bhai aapke yaha 1 september se 6 september tak barish hone ki sambhavna hai.","UTTAR PRADESH","BAGHPAT","BARAUT                                            ","2018-09-01 12:59:28.267"
"KHARIF","HORTICULTURE","Fruits","Papaya","Government Schemes","want to know about kisan registration?","ap apna registration www.upagriculture.com par karaye.","UTTAR PRADESH","BAGHPAT","BARAUT                                            ","2018-09-01 13:23:23.347"
"KHARIF","HORTICULTURE","Fruits","Papaya","Government Schemes","want to know about kisan registration?","ap apna registration www.upagriculture.com par karaye.","UTTAR PRADESH","BAGHPAT","BARAUT                                            ","2018-09-01 13:23:23.347"
"KHARIF","AGRICULTURE","Others","Others","Weather","Asking about weather information  ?","Farmers do here is likely to drizzle with the cloud September 06 |","UTTAR PRADESH","BAGHPAT","PILANA                                            ","2018-09-01 13:46:35.700"
"KHARIF","AGRICULTURE","Others","Others","Weather","Asking about weather information  ?","Farmers do here is likely to drizzle with the cloud September 06 |","UTTAR PRADESH","BAGHPAT","PILANA                                            ","2018-09-01 13:46:35.700"
"JAYAD","AGRICULTURE","Others","Others","Weather","weather information?","1,2,3,4,5,6 september ko barish hone ki sambhavana hai aur din baadal chaye rahege","UTTAR PRADESH","BAGHPAT","BINAULI                                           ","2018-09-01 13:54:00.207"
"JAYAD","AGRICULTURE","Others","Others","Weather","weather information?","1,2,3,4,5,6 september ko barish hone ki sambhavana hai aur din baadal chaye rahege","UTTAR PRADESH","BAGHPAT","BINAULI                                           ","2018-09-01 13:54:00.207"
"KHARIF","AGRICULTURE","Cereals","Paddy (Dhan)","Weather","weather information ?","kisan bhai aaj 4 september tak halki baris hone ki sambhawna hai","UTTAR PRADESH","BAGHPAT","BAGHPAT                                           ","2018-09-01 17:18:29.113"
"KHARIF","AGRICULTURE","Cereals","Paddy (Dhan)","Weather","weather information ?","kisan bhai aaj 4 september tak halki baris hone ki sambhawna hai","UTTAR PRADESH","BAGHPAT","BAGHPAT                                           ","2018-09-01 17:18:29.113"
"KHARIF","AGRICULTURE","Others","Others","Government Schemes","Jrtofa kheti ki jankari de ?","kisan bhai adhik jankari hetu jile ke harticulture vibhag se sampark kare","UTTAR PRADESH","BAGHPAT","BAGHPAT                                           ","2018-09-01 17:24:49.037"
"KHARIF","AGRICULTURE","Others","Others","Government Schemes","Jrtofa kheti ki jankari de ?","kisan bhai adhik jankari hetu jile ke harticulture vibhag se sampark kare","UTTAR PRADESH","BAGHPAT","BAGHPAT                                           ","2018-09-01 17:24:49.037"
"KHARIF","AGRICULTURE","Others","Others","Weather","Information about weather condition...?","There will be cloudy weather with possibility of rain at 2 to 4 September","UTTAR PRADESH","BAGHPAT","BARAUT                                            ","2018-09-02 06:07:18.397"
"KHARIF","AGRICULTURE","Others","Others","Weather","Information about weather condition...?","There will be cloudy weather with possibility of rain at 2 to 4 September","UTTAR PRADESH","BAGHPAT","BARAUT                                            ","2018-09-02 06:07:18.397"
"KHARIF","HORTICULTURE","Fruits","Guava","	Plant Protection	","information guava ?","copper oxy chloride @ 2.5 gram prti liter of water","UTTAR PRADESH","BAGHPAT","PILANA                                            ","2018-09-02 07:52:06.773"
"KHARIF","HORTICULTURE","Fruits","Guava","	Plant Protection	","information guava ?","copper oxy chloride @ 2.5 gram prti liter of water","UTTAR PRADESH","BAGHPAT","PILANA                                            ","2018-09-02 07:52:06.773"
"KHARIF","AGRICULTURE","Cereals","Paddy (Dhan)","Weather","GIVE ME ABOUT WEATHER INFORMATION ?","This week, there is a possibility of  rains in the region of  2,3,4and 5","UTTAR PRADESH","BAGHPAT","PILANA                                            ","2018-09-02 08:12:06.247"
"KHARIF","AGRICULTURE","Cereals","Paddy (Dhan)","Weather","GIVE ME ABOUT WEATHER INFORMATION ?","This week, there is a possibility of  rains in the region of  2,3,4and 5","UTTAR PRADESH","BAGHPAT","PILANA                                            ","2018-09-02 08:12:06.247"
"KHARIF","AGRICULTURE","Sugar and Starch Crops","Sugarcane (Noble Cane)","Weed Management","weed management in sugarcane.....?","khet ki nirai gudai karaye","UTTAR PRADESH","BAGHPAT","BINAULI                                           ","2018-09-02 10:12:22.570"
"KHARIF","AGRICULTURE","Sugar and Starch Crops","Sugarcane (Noble Cane)","Weed Management","weed management in sugarcane.....?","khet ki nirai gudai karaye","UTTAR PRADESH","BAGHPAT","BINAULI                                           ","2018-09-02 10:12:22.570"
"KHARIF","AGRICULTURE","Sugar and Starch Crops","Sugarcane (Noble Cane)","	Plant Protection	","Insect problem in paddy?","Carbofuran 3 GR 8 kg/acre voobai kare","UTTAR PRADESH","BAGHPAT","CHHAPRAULI                                        ","2018-09-02 11:27:37.790"
"KHARIF","AGRICULTURE","Sugar and Starch Crops","Sugarcane (Noble Cane)","	Plant Protection	","Insect problem in paddy?","Carbofuran 3 GR 8 kg/acre voobai kare","UTTAR PRADESH","BAGHPAT","CHHAPRAULI                                        ","2018-09-02 11:27:37.790"
"KHARIF","AGRICULTURE","Others","Others","Weather","give me weather information.....?","kisan bhai is sptah  badal dikhai de rhe hai barish me ki sambhawana hai","UTTAR PRADESH","BAGHPAT","KHEKRA                                            ","2018-09-02 12:56:46.227"
"KHARIF","AGRICULTURE","Others","Others","Weather","give me weather information.....?","kisan bhai is sptah  badal dikhai de rhe hai barish me ki sambhawana hai","UTTAR PRADESH","BAGHPAT","KHEKRA                                            ","2018-09-02 12:56:46.227"
"KHARIF","AGRICULTURE","Others","Others","Weather","information about weather...?","You have the possibility of light rain till 7 September","UTTAR PRADESH","BAGHPAT","BARAUT                                            ","2018-09-02 13:58:47.903"
"KHARIF","AGRICULTURE","Others","Others","Weather","information about weather...?","You have the possibility of light rain till 7 September","UTTAR PRADESH","BAGHPAT","BARAUT                                            ","2018-09-02 13:58:47.903"
"KHARIF","AGRICULTURE","Others","Others","Weather","pls, tell me weather information for bagpat?","kisan bhai aaj aap ke yaha 7 mm tak barish ki sambhavana hai","UTTAR PRADESH","BAGHPAT","PILANA                                            ","2018-09-02 14:10:58.907"
"KHARIF","AGRICULTURE","Others","Others","Weather","pls, tell me weather information for bagpat?","kisan bhai aaj aap ke yaha 7 mm tak barish ki sambhavana hai","UTTAR PRADESH","BAGHPAT","PILANA                                            ","2018-09-02 14:10:58.907"
"KHARIF","AGRICULTURE","Others","Others","Weather","information of weather..?","kisan bhai aapke yaha es saptah 07 september tak barish ki sambhawana hai.","UTTAR PRADESH","BAGHPAT","BAGHPAT                                           ","2018-09-02 16:16:47.423"
"KHARIF","AGRICULTURE","Others","Others","Weather","information of weather..?","kisan bhai aapke yaha es saptah 07 september tak barish ki sambhawana hai.","UTTAR PRADESH","BAGHPAT","BAGHPAT                                           ","2018-09-02 16:16:47.423"
"KHARIF","AGRICULTURE","Others","Others","Weather","Weather information ?","Kisan bhai aap ke yaha 7 september tak halke badal rahenge aur halki se madhyam barish ki sambhavna hai.","UTTAR PRADESH","BAGHPAT","CHHAPRAULI                                        ","2018-09-02 16:22:28.237"
"KHARIF","AGRICULTURE","Others","Others","Weather","Weather information ?","Kisan bhai aap ke yaha 7 september tak halke badal rahenge aur halki se madhyam barish ki sambhavna hai.","UTTAR PRADESH","BAGHPAT","CHHAPRAULI                                        ","2018-09-02 16:22:28.237"
"KHARIF","AGRICULTURE","Cereals","Paddy (Dhan)","Weather","Weather information..?","There is a possibility of light rain in your area from tomorrow to september 7  this week.","UTTAR PRADESH","BAGHPAT","BARAUT                                            ","2018-09-02 17:12:58.223"
"KHARIF","AGRICULTURE","Cereals","Paddy (Dhan)","Weather","Weather information..?","There is a possibility of light rain in your area from tomorrow to september 7  this week.","UTTAR PRADESH","BAGHPAT","BARAUT                                            ","2018-09-02 17:12:58.223"
"KHARIF","AGRICULTURE","Cereals","Paddy (Dhan)","Weather","Asking about weather information?","kisan bhai-3,4,5,6 september  tak  barish ki sambhvana hai","UTTAR PRADESH","BAGHPAT","BINAULI                                           ","2018-09-02 20:11:58.773"
"KHARIF","AGRICULTURE","Cereals","Paddy (Dhan)","Weather","Asking about weather information?","kisan bhai-3,4,5,6 september  tak  barish ki sambhvana hai","UTTAR PRADESH","BAGHPAT","BINAULI                                           ","2018-09-02 20:11:58.773"
"KHARIF","ANIMAL HUSBANDRY","Animal","Bovine(Cow,Buffalo)","Animal Breeding","PASHU SAMSYA KE BARE ME JANKARI DE.....?","PASHU SAMSYA KE LIA IS NUMBER PAR SAMPRK KARE-18001805141","UTTAR PRADESH","BAGHPAT","BARAUT                                            ","2018-09-03 06:41:13.220"
"KHARIF","ANIMAL HUSBANDRY","Animal","Bovine(Cow,Buffalo)","Animal Breeding","PASHU SAMSYA KE BARE ME JANKARI DE.....?","PASHU SAMSYA KE LIA IS NUMBER PAR SAMPRK KARE-18001805141","UTTAR PRADESH","BAGHPAT","BARAUT                                            ","2018-09-03 06:41:13.220"
"KHARIF","AGRICULTURE","Sugar and Starch Crops","Sugarcane (Noble Cane)","Nutrient Management","Nutrient Management In Sugarcane Crop   ?","kisan bhai ganne ka adhik utpadan prapt karne ke liye-Amino Acid 8 Kilogram/acre ganne ke khet me dalvaye","UTTAR PRADESH","BAGHPAT","BINAULI                                           ","2018-09-03 11:06:58.703"
"KHARIF","AGRICULTURE","Sugar and Starch Crops","Sugarcane (Noble Cane)","Nutrient Management","Nutrient Management In Sugarcane Crop   ?","kisan bhai ganne ka adhik utpadan prapt karne ke liye-Amino Acid 8 Kilogram/acre ganne ke khet me dalvaye","UTTAR PRADESH","BAGHPAT","BINAULI                                           ","2018-09-03 11:06:58.703"
"KHARIF","AGRICULTURE","Others","Others","Weather","weather information","kisan bhai apke shetra me 4 or 5 september me halki barish ki sambhawna bani hui hai","UTTAR PRADESH","BAGHPAT","BARAUT                                            ","2018-09-03 16:02:03.780"
"KHARIF","AGRICULTURE","Others","Others","Weather","weather information","kisan bhai apke shetra me 4 or 5 september me halki barish ki sambhawna bani hui hai","UTTAR PRADESH","BAGHPAT","BARAUT                                            ","2018-09-03 16:02:03.780"
"KHARIF","AGRICULTURE","Sugar and Starch Crops","Sugarcane (Noble Cane)","	Field Preparation	","problem in Sugercane crop..","cartap hydrocloraid 4G 8-10 kigra/acre ki dar se prayog kare.","UTTAR PRADESH","BAGHPAT","CHHAPRAULI                                        ","2018-09-03 17:54:10.917"
"KHARIF","AGRICULTURE","Sugar and Starch Crops","Sugarcane (Noble Cane)","	Field Preparation	","problem in Sugercane crop..","cartap hydrocloraid 4G 8-10 kigra/acre ki dar se prayog kare.","UTTAR PRADESH","BAGHPAT","CHHAPRAULI                                        ","2018-09-03 17:54:10.917"
"KHARIF","AGRICULTURE","Sugar and Starch Crops","Sugarcane (Noble Cane)","	Plant Protection	","Top shoot borer insect problem of sugarcane crop...?","Dear farmer use to Carbofuran 3% GR 10 Kg/acre spread in the field","UTTAR PRADESH","BAGHPAT","CHHAPRAULI                                        ","2018-09-03 18:07:26.287"
"KHARIF","AGRICULTURE","Sugar and Starch Crops","Sugarcane (Noble Cane)","	Plant Protection	","Top shoot borer insect problem of sugarcane crop...?","Dear farmer use to Carbofuran 3% GR 10 Kg/acre spread in the field","UTTAR PRADESH","BAGHPAT","CHHAPRAULI                                        ","2018-09-03 18:07:26.287"
"KHARIF","AGRICULTURE","Others","Others","Weather","weather information ?","kisan bhai aapke yhan 4 - 8 september tak halki barish hone ki sambhawana hai","UTTAR PRADESH","BAGHPAT","BARAUT                                            ","2018-09-03 18:15:50.013"
"KHARIF","AGRICULTURE","Others","Others","Weather","weather information ?","kisan bhai aapke yhan 4 - 8 september tak halki barish hone ki sambhawana hai","UTTAR PRADESH","BAGHPAT","BARAUT                                            ","2018-09-03 18:15:50.013"
"KHARIF","HORTICULTURE","Vegetables","Chillies","	Plant Protection	","plant production ?","kisan bhai aap npk 18:18:18 , 5 gm / liter pani ki dar se gholkar spray karen","UTTAR PRADESH","BAGHPAT","BAGHPAT                                           ","2018-09-03 19:35:55.043"
"KHARIF","HORTICULTURE","Vegetables","Chillies","	Plant Protection	","plant production ?","kisan bhai aap npk 18:18:18 , 5 gm / liter pani ki dar se gholkar spray karen","UTTAR PRADESH","BAGHPAT","BAGHPAT                                           ","2018-09-03 19:35:55.043"
"KHARIF","AGRICULTURE","Sugar and Starch Crops","Sugarcane (Noble Cane)","Weather","Asking about weather information,..?","There is a possibility of rain every day till 8 September this week.","UTTAR PRADESH","BAGHPAT","BAGHPAT                                           ","2018-09-03 19:43:31.187"
"KHARIF","AGRICULTURE","Sugar and Starch Crops","Sugarcane (Noble Cane)","Weather","Asking about weather information,..?","There is a possibility of rain every day till 8 September this week.","UTTAR PRADESH","BAGHPAT","BAGHPAT                                           ","2018-09-03 19:43:31.187"
"KHARIF","AGRICULTURE","Cereals","Paddy (Dhan)","Weather","Weather information...","Kisan bhai apke yaha poore saptah badal chaye rahane ki sambhawana hai aur  hlki barish bhi ho sakti hai","UTTAR PRADESH","BAGHPAT","CHHAPRAULI                                        ","2018-09-03 20:09:04.113"
"KHARIF","AGRICULTURE","Cereals","Paddy (Dhan)","Weather","Weather information...","Kisan bhai apke yaha poore saptah badal chaye rahane ki sambhawana hai aur  hlki barish bhi ho sakti hai","UTTAR PRADESH","BAGHPAT","CHHAPRAULI                                        ","2018-09-03 20:09:04.113"
"KHARIF","AGRICULTURE","Sugar and Starch Crops","Sugarcane (Noble Cane)","Cultural Practices","Nutrient management of sugarcane crop..?","kisan bhai aap 30 kilogram urea + 10 kilogram sagrika /acre burkaw kare.","UTTAR PRADESH","BAGHPAT","CHHAPRAULI                                        ","2018-09-03 20:37:39.607"
"KHARIF","AGRICULTURE","Sugar and Starch Crops","Sugarcane (Noble Cane)","Cultural Practices","Nutrient management of sugarcane crop..?","kisan bhai aap 30 kilogram urea + 10 kilogram sagrika /acre burkaw kare.","UTTAR PRADESH","BAGHPAT","CHHAPRAULI                                        ","2018-09-03 20:37:39.607"
"KHARIF","AGRICULTURE","Sugar and Starch Crops","Sugarcane (Noble Cane)","Government Schemes","Gane ki growth ke liye ?","sagrika 10 kilo/acre ka cherkav kare","UTTAR PRADESH","BAGHPAT","CHHAPRAULI                                        ","2018-09-03 21:05:53.023"
"KHARIF","AGRICULTURE","Sugar and Starch Crops","Sugarcane (Noble Cane)","Government Schemes","Gane ki growth ke liye ?","sagrika 10 kilo/acre ka cherkav kare","UTTAR PRADESH","BAGHPAT","CHHAPRAULI                                        ","2018-09-03 21:05:53.023"
"KHARIF","AGRICULTURE","Sugar and Starch Crops","Sugarcane (Noble Cane)","Cultural Practices","cultural practices in sugarcane?","urea ke sath micro nutrient khet me prayog kariye","UTTAR PRADESH","BAGHPAT","BINAULI                                           ","2018-09-04 09:37:54.847"
"KHARIF","AGRICULTURE","Sugar and Starch Crops","Sugarcane (Noble Cane)","Cultural Practices","cultural practices in sugarcane?","urea ke sath micro nutrient khet me prayog kariye","UTTAR PRADESH","BAGHPAT","BINAULI                                           ","2018-09-04 09:37:54.847"
"KHARIF","AGRICULTURE","Sugar and Starch Crops","Sugarcane (Noble Cane)","	Plant Protection	","INSECT CONTROL IN SUGARCANE","PHATERA KA PRAYOG KARE 8.00 KILO GRAM DWA KA PRAYOG KARE","UTTAR PRADESH","BAGHPAT","BINAULI                                           ","2018-09-04 09:58:46.847"
"KHARIF","AGRICULTURE","Sugar and Starch Crops","Sugarcane (Noble Cane)","	Plant Protection	","INSECT CONTROL IN SUGARCANE","PHATERA KA PRAYOG KARE 8.00 KILO GRAM DWA KA PRAYOG KARE","UTTAR PRADESH","BAGHPAT","BINAULI                                           ","2018-09-04 09:58:46.847"
"KHARIF","AGRICULTURE","Others","Others","Weather","GIVE ME ABOUT WEATHER INFORMATION ?","kisan bhai aap ke yahan is saptah bunda bandi ki sambhavna bni hai","UTTAR PRADESH","BAGHPAT","CHHAPRAULI                                        ","2018-09-04 11:33:28.280"
"KHARIF","AGRICULTURE","Others","Others","Weather","GIVE ME ABOUT WEATHER INFORMATION ?","kisan bhai aap ke yahan is saptah bunda bandi ki sambhavna bni hai","UTTAR PRADESH","BAGHPAT","CHHAPRAULI                                        ","2018-09-04 11:33:28.280"
"KHARIF","AGRICULTURE","Others","Others","Nutrient Management","Bacterial Leaf Blight control in paddy crops information ?","Hexaconazole 5 % SC 400 ml/acre ki dar se spray kare","UTTAR PRADESH","BAGHPAT","CHHAPRAULI                                        ","2018-09-04 12:48:22.930"
"KHARIF","AGRICULTURE","Others","Others","Nutrient Management","Bacterial Leaf Blight control in paddy crops information ?","Hexaconazole 5 % SC 400 ml/acre ki dar se spray kare","UTTAR PRADESH","BAGHPAT","CHHAPRAULI                                        ","2018-09-04 12:48:22.930"
"KHARIF","AGRICULTURE","Cereals","Paddy (Dhan)","	Plant Protection	","bacterial leaf blight problem of paddy..?","copper oxychlorider 50% WP 500 gram +Streptocylin 6 gram /acre  120 liter pani ka ghol banaker spray kare","UTTAR PRADESH","BAGHPAT","BAGHPAT                                           ","2018-09-04 13:50:34.173"
"KHARIF","AGRICULTURE","Cereals","Paddy (Dhan)","	Plant Protection	","bacterial leaf blight problem of paddy..?","copper oxychlorider 50% WP 500 gram +Streptocylin 6 gram /acre  120 liter pani ka ghol banaker spray kare","UTTAR PRADESH","BAGHPAT","BAGHPAT                                           ","2018-09-04 13:50:34.173"
"KHARIF","AGRICULTURE","Others","Others","Weather","Weather information District Baghpat....?","You can expect rain from today to 8 September","UTTAR PRADESH","BAGHPAT","KHEKRA                                            ","2018-09-04 14:00:27.927"
"KHARIF","AGRICULTURE","Others","Others","Weather","Weather information District Baghpat....?","You can expect rain from today to 8 September","UTTAR PRADESH","BAGHPAT","KHEKRA                                            ","2018-09-04 14:00:27.927"
"KHARIF","AGRICULTURE","Oilseeds","Sesame (Gingelly/Til)/Sesamum","	Plant Protection	","LEAF CATTERPILLER IN TIL","SPRAY DICHLOROVOS @ 2 ML./LIT.OF WATER","UTTAR PRADESH","BAGHPAT","KHEKRA                                            ","2018-09-04 15:49:31.310"
"KHARIF","AGRICULTURE","Oilseeds","Sesame (Gingelly/Til)/Sesamum","	Plant Protection	","LEAF CATTERPILLER IN TIL","SPRAY DICHLOROVOS @ 2 ML./LIT.OF WATER","UTTAR PRADESH","BAGHPAT","KHEKRA                                            ","2018-09-04 15:49:31.310"
"KHARIF","AGRICULTURE","Cereals","Paddy (Dhan)","Weather","Information about weather ?","Dear farmer , possibility of rain in your area next five days.","UTTAR PRADESH","BAGHPAT","BARAUT                                            ","2018-09-04 16:04:41.827"
"KHARIF","AGRICULTURE","Cereals","Paddy (Dhan)","Weather","Information about weather ?","Dear farmer , possibility of rain in your area next five days.","UTTAR PRADESH","BAGHPAT","BARAUT                                            ","2018-09-04 16:04:41.827"
"KHARIF","AGRICULTURE","Cereals","Paddy (Dhan)","	Plant Protection	","paddy crop bacterial blight control..?","Dear farmer use to  Hexaconazole 5% SC 2ml/liter water splash in the field","UTTAR PRADESH","BAGHPAT","PILANA                                            ","2018-09-04 17:58:06.747"
"KHARIF","AGRICULTURE","Cereals","Paddy (Dhan)","	Plant Protection	","paddy crop bacterial blight control..?","Dear farmer use to  Hexaconazole 5% SC 2ml/liter water splash in the field","UTTAR PRADESH","BAGHPAT","PILANA                                            ","2018-09-04 17:58:06.747"
"KHARIF","AGRICULTURE","Pulses","Black Gram (urd bean)","	Plant Protection	","whitefly in urd crop?","Daimethoet ka 1.0 ml/lit ka spray kara de.","UTTAR PRADESH","BAGHPAT","CHHAPRAULI                                        ","2018-09-04 18:00:01.233"
"KHARIF","AGRICULTURE","Pulses","Black Gram (urd bean)","	Plant Protection	","whitefly in urd crop?","Daimethoet ka 1.0 ml/lit ka spray kara de.","UTTAR PRADESH","BAGHPAT","CHHAPRAULI                                        ","2018-09-04 18:00:01.233"
"KHARIF","AGRICULTURE","Cereals","Paddy (Dhan)","Weather","Please give me weather information....?","kisan bhai aap ke block me 4 sitamber se 7 sitamber tak barish hone ki sambhawana hai","UTTAR PRADESH","BAGHPAT","PILANA                                            ","2018-09-04 20:40:19.627"
"KHARIF","AGRICULTURE","Cereals","Paddy (Dhan)","Weather","Please give me weather information....?","kisan bhai aap ke block me 4 sitamber se 7 sitamber tak barish hone ki sambhawana hai","UTTAR PRADESH","BAGHPAT","PILANA                                            ","2018-09-04 20:40:19.627"
"KHARIF","HORTICULTURE","Vegetables","Radish","	Plant Protection	","Fungs Attaik in Radish?","Kaapar aaxikloraide 500gm + Imidakloprid 17.8%SL 100ml/acre/200 litre pani me milaakar spray karen","UTTAR PRADESH","BAGHPAT","KHEKRA                                            ","2018-09-05 08:09:29.260"
"KHARIF","HORTICULTURE","Vegetables","Radish","	Plant Protection	","Fungs Attaik in Radish?","Kaapar aaxikloraide 500gm + Imidakloprid 17.8%SL 100ml/acre/200 litre pani me milaakar spray karen","UTTAR PRADESH","BAGHPAT","KHEKRA                                            ","2018-09-05 08:09:29.260"
"JAYAD","AGRICULTURE","Sugar and Starch Crops","Sugarcane (Noble Cane)","Fertilizer Use and Availability","Fertilizer Use in Sugarcane crop...?","Kisan bhai aap NPK 19:19:19 2 KG/Acre ka spre kare.","UTTAR PRADESH","BAGHPAT","BARAUT                                            ","2018-09-05 08:43:43.057"
"JAYAD","AGRICULTURE","Sugar and Starch Crops","Sugarcane (Noble Cane)","Fertilizer Use and Availability","Fertilizer Use in Sugarcane crop...?","Kisan bhai aap NPK 19:19:19 2 KG/Acre ka spre kare.","UTTAR PRADESH","BAGHPAT","BARAUT                                            ","2018-09-05 08:43:43.057"
"KHARIF","AGRICULTURE","Others","Others","Weather","weather information ?","kisaan bhai aapke yahn par poore saptah me hlki bundaa-baandi hone ki sambhawana hai","UTTAR PRADESH","BAGHPAT","KHEKRA                                            ","2018-09-05 09:42:24.037"
"KHARIF","AGRICULTURE","Others","Others","Weather","weather information ?","kisaan bhai aapke yahn par poore saptah me hlki bundaa-baandi hone ki sambhawana hai","UTTAR PRADESH","BAGHPAT","KHEKRA                                            ","2018-09-05 09:42:24.037"
"KHARIF","AGRICULTURE","Others","Others","Weather","Weather information of Baghpat ...?","This week you are likely to drizzle from 5 to 10 September.","UTTAR PRADESH","BAGHPAT","BINAULI                                           ","2018-09-05 09:51:21.677"
"KHARIF","AGRICULTURE","Others","Others","Weather","Weather information of Baghpat ...?","This week you are likely to drizzle from 5 to 10 September.","UTTAR PRADESH","BAGHPAT","BINAULI                                           ","2018-09-05 09:51:21.677"
"KHARIF","AGRICULTURE","Cereals","Paddy (Dhan)","	Plant Protection	","false smut in paddy?","kisan bhai ap propiconazol 25 %EC 200ml prati liter ke dar se spray kariye","UTTAR PRADESH","BAGHPAT","KHEKRA                                            ","2018-09-05 10:33:10.543"
"KHARIF","AGRICULTURE","Cereals","Paddy (Dhan)","	Plant Protection	","false smut in paddy?","kisan bhai ap propiconazol 25 %EC 200ml prati liter ke dar se spray kariye","UTTAR PRADESH","BAGHPAT","KHEKRA                                            ","2018-09-05 10:33:10.543"
"JAYAD","AGRICULTURE","Others","Others","Government Schemes","Block kee jankare","Kisan bhai aap apne block se smprk kare.","UTTAR PRADESH","BAGHPAT","KHEKRA                                            ","2018-09-05 10:39:11.920"
"JAYAD","AGRICULTURE","Others","Others","Government Schemes","Block kee jankare","Kisan bhai aap apne block se smprk kare.","UTTAR PRADESH","BAGHPAT","KHEKRA                                            ","2018-09-05 10:39:11.920"
"KHARIF","AGRICULTURE","Others","Others","Weather","About weather information?","Farmer brother, you are likely to get drowsy on September 5,6 & 7.","UTTAR PRADESH","BAGHPAT","BINAULI                                           ","2018-09-05 16:16:55.953"
"KHARIF","AGRICULTURE","Others","Others","Weather","About weather information?","Farmer brother, you are likely to get drowsy on September 5,6 & 7.","UTTAR PRADESH","BAGHPAT","BINAULI                                           ","2018-09-05 16:16:55.953"
"KHARIF","HORTICULTURE","Vegetables","Cauliflower","	Plant Protection	","plant protection in cauliflower..?","Carbendazim 12%+ Mancozeb 63% WP@2gm/liter pani me gholkar chidkav kre","UTTAR PRADESH","BAGHPAT","KHEKRA                                            ","2018-09-06 08:15:43.117"
"KHARIF","HORTICULTURE","Vegetables","Cauliflower","	Plant Protection	","plant protection in cauliflower..?","Carbendazim 12%+ Mancozeb 63% WP@2gm/liter pani me gholkar chidkav kre","UTTAR PRADESH","BAGHPAT","KHEKRA                                            ","2018-09-06 08:15:43.117"
"KHARIF","AGRICULTURE","Cereals","Paddy (Dhan)","Nutrient Management","Nutrtient management in paddy crop..?","Spray the NPK @ 18:18:18 @ 1.5kg/acre.","UTTAR PRADESH","BAGHPAT","CHHAPRAULI                                        ","2018-09-06 09:19:50.157"
"KHARIF","AGRICULTURE","Cereals","Paddy (Dhan)","Nutrient Management","Nutrtient management in paddy crop..?","Spray the NPK @ 18:18:18 @ 1.5kg/acre.","UTTAR PRADESH","BAGHPAT","CHHAPRAULI                                        ","2018-09-06 09:19:50.157"
"KHARIF","AGRICULTURE","Cereals","Paddy (Dhan)","	Plant Protection	","plant protection in paddy ...?","monocrotophos 36%SL 1.5 ml/liter pani ke sath spray kare","UTTAR PRADESH","BAGHPAT","CHHAPRAULI                                        ","2018-09-06 10:10:12.060"
"KHARIF","AGRICULTURE","Cereals","Paddy (Dhan)","	Plant Protection	","plant protection in paddy ...?","monocrotophos 36%SL 1.5 ml/liter pani ke sath spray kare","UTTAR PRADESH","BAGHPAT","CHHAPRAULI                                        ","2018-09-06 10:10:12.060"
"KHARIF","AGRICULTURE","Sugar and Starch Crops","Sugarcane (Noble Cane)","Weed Management","weed management cantrol of sugarcae ....?","kisan bhai nirai gudai kare","UTTAR PRADESH","BAGHPAT","BAGHPAT                                           ","2018-09-06 10:53:53.170"
"KHARIF","AGRICULTURE","Sugar and Starch Crops","Sugarcane (Noble Cane)","Weed Management","weed management cantrol of sugarcae ....?","kisan bhai nirai gudai kare","UTTAR PRADESH","BAGHPAT","BAGHPAT                                           ","2018-09-06 10:53:53.170"
"KHARIF","AGRICULTURE","Others","Others","Weather","Information about weather ?","Dear  farmer will stay here cloud. There is a possibility of captivity of drizzle","UTTAR PRADESH","BAGHPAT","PILANA                                            ","2018-09-06 11:42:37.107"
"KHARIF","AGRICULTURE","Others","Others","Weather","Information about weather ?","Dear  farmer will stay here cloud. There is a possibility of captivity of drizzle","UTTAR PRADESH","BAGHPAT","PILANA                                            ","2018-09-06 11:42:37.107"
"KHARIF","AGRICULTURE","Others","Others","Weather","Tell me about Weather information of Baghpat?","Kisan bhai Aaj apke shetra me badal chaye rahenge, halki bunda bandi hone sambhavna hai.","UTTAR PRADESH","BAGHPAT","PILANA                                            ","2018-09-06 11:55:43.660"
"KHARIF","AGRICULTURE","Others","Others","Weather","Tell me about Weather information of Baghpat?","Kisan bhai Aaj apke shetra me badal chaye rahenge, halki bunda bandi hone sambhavna hai.","UTTAR PRADESH","BAGHPAT","PILANA                                            ","2018-09-06 11:55:43.660"
"KHARIF","AGRICULTURE","Others","Others","Weather","information of weather  ?","kisan bhai aaj se poore saptah halki bunda baandi hone ki samabhavana bani rhegi","UTTAR PRADESH","BAGHPAT","BINAULI                                           ","2018-09-06 12:54:06.703"
"KHARIF","AGRICULTURE","Others","Others","Weather","information of weather  ?","kisan bhai aaj se poore saptah halki bunda baandi hone ki samabhavana bani rhegi","UTTAR PRADESH","BAGHPAT","BINAULI                                           ","2018-09-06 12:54:06.703"
"KHARIF","AGRICULTURE","Others","Others","Weather","weather information ....?","kisan bhai apke yahan is saptah bunda bandi ke sath halki barish ki sambhawana hai","UTTAR PRADESH","BAGHPAT","PILANA                                            ","2018-09-06 16:46:15.020"
"KHARIF","AGRICULTURE","Others","Others","Weather","weather information ....?","kisan bhai apke yahan is saptah bunda bandi ke sath halki barish ki sambhawana hai","UTTAR PRADESH","BAGHPAT","PILANA                                            ","2018-09-06 16:46:15.020"
"KHARIF","AGRICULTURE","Cereals","Paddy (Dhan)","Weather","Asking about weather information,..?","There is a possibility of heavy rain this week on 7th September.","UTTAR PRADESH","BAGHPAT","BARAUT                                            ","2018-09-06 18:29:34.190"
"KHARIF","AGRICULTURE","Cereals","Paddy (Dhan)","Weather","Asking about weather information,..?","There is a possibility of heavy rain this week on 7th September.","UTTAR PRADESH","BAGHPAT","BARAUT                                            ","2018-09-06 18:29:34.190"
"KHARIF","AGRICULTURE","Cereals","Paddy (Dhan)","Weather","weatherinformation ?","kisan bhai aaj se 11 september tak halki bundabandi hone ki sambhawna hai","UTTAR PRADESH","BAGHPAT","BARAUT                                            ","2018-09-06 18:38:30.860"
"KHARIF","AGRICULTURE","Cereals","Paddy (Dhan)","Weather","weatherinformation ?","kisan bhai aaj se 11 september tak halki bundabandi hone ki sambhawna hai","UTTAR PRADESH","BAGHPAT","BARAUT                                            ","2018-09-06 18:38:30.860"
"KHARIF","AGRICULTURE","Sugar and Starch Crops","Sugarcane (Noble Cane)","Cultural Practices","Asking about weather information  ?","Farmers do here is likely to drizzle with the cloud September 11 |","UTTAR PRADESH","BAGHPAT","BARAUT                                            ","2018-09-07 07:07:14.007"
"KHARIF","AGRICULTURE","Sugar and Starch Crops","Sugarcane (Noble Cane)","Cultural Practices","Asking about weather information  ?","Farmers do here is likely to drizzle with the cloud September 11 |","UTTAR PRADESH","BAGHPAT","BARAUT                                            ","2018-09-07 07:07:14.007"
"KHARIF","AGRICULTURE","Others","Others","Weather","information of weather  ?","kisan bhai aaj se poore saptah baadal ayege aur  halki barish hone ki  sambhavana bani rahegi","UTTAR PRADESH","BAGHPAT","CHHAPRAULI                                        ","2018-09-07 08:20:33.927"
"KHARIF","AGRICULTURE","Others","Others","Weather","information of weather  ?","kisan bhai aaj se poore saptah baadal ayege aur  halki barish hone ki  sambhavana bani rahegi","UTTAR PRADESH","BAGHPAT","CHHAPRAULI                                        ","2018-09-07 08:20:33.927"
"KHARIF","AGRICULTURE","Others","Others","Weather","Information of weather..?","kisan bhai 7,9 september ko baris hone avm 11 se 12 september tak badal bane rahne ki sambhavana hai","UTTAR PRADESH","BAGHPAT","CHHAPRAULI                                        ","2018-09-07 08:34:46.157"
"KHARIF","AGRICULTURE","Others","Others","Weather","Information of weather..?","kisan bhai 7,9 september ko baris hone avm 11 se 12 september tak badal bane rahne ki sambhavana hai","UTTAR PRADESH","BAGHPAT","CHHAPRAULI                                        ","2018-09-07 08:34:46.157"
"KHARIF","AGRICULTURE","Cereals","Paddy (Dhan)","	Plant Protection	","information about paddy...?","Dear former use to Carbendazim 50% WP 1g/liter water splash in the field","UTTAR PRADESH","BAGHPAT","BAGHPAT                                           ","2018-09-07 09:35:05.420"
"KHARIF","AGRICULTURE","Cereals","Paddy (Dhan)","	Plant Protection	","information about paddy...?","Dear former use to Carbendazim 50% WP 1g/liter water splash in the field","UTTAR PRADESH","BAGHPAT","BAGHPAT                                           ","2018-09-07 09:35:05.420"
"KHARIF","AGRICULTURE","Cereals","Paddy (Dhan)","Weather","Please give me weather information.....?","kisan bhai aapke yaha aaj se lekar 12 september tak halki madhyam barish ki sambhavnaa bni hui hai","UTTAR PRADESH","BAGHPAT","KHEKRA                                            ","2018-09-07 14:40:25.210"
"KHARIF","AGRICULTURE","Cereals","Paddy (Dhan)","Weather","Please give me weather information.....?","kisan bhai aapke yaha aaj se lekar 12 september tak halki madhyam barish ki sambhavnaa bni hui hai","UTTAR PRADESH","BAGHPAT","KHEKRA                                            ","2018-09-07 14:40:25.210"
"KHARIF","AGRICULTURE","Others","Others","Weather","weather information bagpat..?","This week, there is a possibility of rain today and there is a possibility of drizzling on other days.","UTTAR PRADESH","BAGHPAT","BINAULI                                           ","2018-09-07 15:37:47.630"
"KHARIF","AGRICULTURE","Others","Others","Weather","weather information bagpat..?","This week, there is a possibility of rain today and there is a possibility of drizzling on other days.","UTTAR PRADESH","BAGHPAT","BINAULI                                           ","2018-09-07 15:37:47.630"
"KHARIF","AGRICULTURE","Others","Others","Weather","information of weather..?","kisan bhai aapke yahan es saptah 12 september tak barish ki koi khas sambhawana nahi hai.","UTTAR PRADESH","BAGHPAT","PILANA                                            ","2018-09-07 18:56:55.703"
"KHARIF","AGRICULTURE","Others","Others","Weather","information of weather..?","kisan bhai aapke yahan es saptah 12 september tak barish ki koi khas sambhawana nahi hai.","UTTAR PRADESH","BAGHPAT","PILANA                                            ","2018-09-07 18:56:55.703"
"KHARIF","AGRICULTURE","Cereals","Paddy (Dhan)","	Plant Protection	","stem borer in paddy?","Carbaryl 50% WP @ 500 gram or Fenitrothion 50% EC @ 300 mili/acre ki dar se prayog kare.","UTTAR PRADESH","BAGHPAT","BARAUT                                            ","2018-09-08 07:36:13.040"
"KHARIF","AGRICULTURE","Cereals","Paddy (Dhan)","	Plant Protection	","stem borer in paddy?","Carbaryl 50% WP @ 500 gram or Fenitrothion 50% EC @ 300 mili/acre ki dar se prayog kare.","UTTAR PRADESH","BAGHPAT","BARAUT                                            ","2018-09-08 07:36:13.040"
"KHARIF","AGRICULTURE","Others","Others","Weather","Information about weather condition","There will be cloudy weather condition and no possibility of rain till 13 September","UTTAR PRADESH","BAGHPAT","BINAULI                                           ","2018-09-08 08:49:33.060"
"KHARIF","AGRICULTURE","Others","Others","Weather","Information about weather condition","There will be cloudy weather condition and no possibility of rain till 13 September","UTTAR PRADESH","BAGHPAT","BINAULI                                           ","2018-09-08 08:49:33.060"
"KHARIF","AGRICULTURE","Others","Others","Weather","ASKED ABOUT WEATHER FORECASTING ?","Farmers  brothers have given you this will remain cloudy all week and will be in the middle between light drizzle","UTTAR PRADESH","BAGHPAT","PILANA                                            ","2018-09-08 09:12:22.573"
"KHARIF","AGRICULTURE","Others","Others","Weather","ASKED ABOUT WEATHER FORECASTING ?","Farmers  brothers have given you this will remain cloudy all week and will be in the middle between light drizzle","UTTAR PRADESH","BAGHPAT","PILANA                                            ","2018-09-08 09:12:22.573"
"KHARIF","AGRICULTURE","Others","Others","Weather","Please tel me about weather information ?","Kisan ji Aap ke yaha Aaj 8 se 13 september tak halke baadal ke sath sath halki barish ki sambhaana bani hai .","UTTAR PRADESH","BAGHPAT","PILANA                                            ","2018-09-08 17:10:29.413"
"KHARIF","AGRICULTURE","Others","Others","Weather","Please tel me about weather information ?","Kisan ji Aap ke yaha Aaj 8 se 13 september tak halke baadal ke sath sath halki barish ki sambhaana bani hai .","UTTAR PRADESH","BAGHPAT","PILANA                                            ","2018-09-08 17:10:29.413"
"0","AGRICULTURE","Cereals","Paddy (Dhan)","","Paddy crop information..?"," Tricyclazole 75% WP 150 gram / acre 150 liter paani me ghol kar spray kare .","UTTAR PRADESH","BAGHPAT","CHHAPRAULI                                        ","2018-09-09 12:36:07.813"
"KHARIF","AGRICULTURE","Others","Others","Weather","Weather information of Baghpat ...?","This week is likely to drizzle you today and tomorrow","UTTAR PRADESH","BAGHPAT","BINAULI                                           ","2018-09-10 08:41:02.553"
"KHARIF","AGRICULTURE","Others","Others","Weather","Weather information of Baghpat ...?","This week is likely to drizzle you today and tomorrow","UTTAR PRADESH","BAGHPAT","BINAULI                                           ","2018-09-10 08:41:02.553"
"KHARIF","AGRICULTURE","Sugar and Starch Crops","Sugarcane (Noble Cane)","	Plant Protection	","Control top shoot borer in sugarcane crops ...?","Cartop hydrochloride 4% GR @ 10 kg / acre in the state of moisture for top shoot borer in sugarcane.","UTTAR PRADESH","BAGHPAT","BARAUT                                            ","2018-09-12 09:30:24.177"
"0","AGRICULTURE","Cereals","Paddy (Dhan)","","plant protection in paddy.....?"," Carbendazim 12%+ Mancozeb 63% WP 2 gram/liter pani ke sath spray kare","UTTAR PRADESH","BAGHPAT","BARAUT                                            ","2018-09-12 12:46:05.300"
"0","AGRICULTURE","Pulses","Black Gram (urd bean)","","leaf hopper in urd bean?","Dimethoate 30 EC @ 2 mili prti liter pani ki dar se ghol banakar spre kare.
","UTTAR PRADESH","BAGHPAT","BARAUT                                            ","2018-09-12 16:59:39.827"
"0","AGRICULTURE","Oilseeds","Mustard","","Seed rate of mustard ?","kisan ji sarso ka bij 4-5 kg/hecteyar ke hisab se buaai kare ,.","UTTAR PRADESH","BAGHPAT","BARAUT                                            ","2018-09-13 08:18:19.960"
"0","AGRICULTURE","Oilseeds","Mustard","","Seed rate of mustard ?","kisan ji sarso ka bij 4-5 kg/hecteyar ke hisab se buaai kare ,.","UTTAR PRADESH","BAGHPAT","BARAUT                                            ","2018-09-13 08:18:19.960"
"0","","","","","Root borer control in Baajra ?","Cartop hydrochloride 4G 8 -10 kg / acre, spread out in the field equally
","UTTAR PRADESH","BAGHPAT","BARAUT                                            ","2018-09-13 09:23:31.117"
"0","","","","","Root borer control in Baajra ?","Cartop hydrochloride 4G 8 -10 kg / acre, spread out in the field equally
","UTTAR PRADESH","BAGHPAT","BARAUT                                            ","2018-09-13 09:23:31.117"
"KHARIF","AGRICULTURE","Millets","Sorghum (Jowar/Great Millet)","	Plant Protection	","Control stem borer of sorghum crops ...?","Use of carbofuron 3% GR 10 kg in make quantity with sand 20 kg in state of moisture in sorghum.","UTTAR PRADESH","BAGHPAT","BARAUT                                            ","2018-09-13 09:27:07.253"
"KHARIF","AGRICULTURE","Millets","Sorghum (Jowar/Great Millet)","	Plant Protection	","Control stem borer of sorghum crops ...?","Use of carbofuron 3% GR 10 kg in make quantity with sand 20 kg in state of moisture in sorghum.","UTTAR PRADESH","BAGHPAT","BARAUT                                            ","2018-09-13 09:27:07.253"
"KHARIF","AGRICULTURE","Millets","Sorghum (Jowar/Great Millet)","	Plant Protection	","Control stem borer of sorghum crops ...?","Use of carbofuron 3% GR 10 kg in make quantity with sand 20 kg in state of moisture in sorghum.","UTTAR PRADESH","BAGHPAT","BARAUT                                            ","2018-09-13 09:27:07.253"
"KHARIF","AGRICULTURE","Millets","Sorghum (Jowar/Great Millet)","	Plant Protection	","Control stem borer of sorghum crops ...?","Use of carbofuron 3% GR 10 kg in make quantity with sand 20 kg in state of moisture in sorghum.","UTTAR PRADESH","BAGHPAT","BARAUT                                            ","2018-09-13 09:27:07.253"
"KHARIF","AGRICULTURE","Others","Others","Weather","Weather information of baghpat ...?","This week you are likely to be clear from 13 to 18 September.","UTTAR PRADESH","BAGHPAT","BARAUT                                            ","2018-09-13 11:52:47.083"
"KHARIF","AGRICULTURE","Others","Others","Weather","Weather information of baghpat ...?","This week you are likely to be clear from 13 to 18 September.","UTTAR PRADESH","BAGHPAT","BARAUT                                            ","2018-09-13 11:52:47.083"
"0","AGRICULTURE","Sugar and Starch Crops","Sugarcane (Noble Cane)","","plant protection in sugarcane ? ","Cartop hydrochloride 4G 8 -10 kg / acre, spread out in the field equally

","UTTAR PRADESH","BAGHPAT","BINAULI                                           ","2018-09-13 13:59:41.460"
"0","AGRICULTURE","Sugar and Starch Crops","Sugarcane (Noble Cane)","","plant protection in sugarcane ? ","Cartop hydrochloride 4G 8 -10 kg / acre, spread out in the field equally

","UTTAR PRADESH","BAGHPAT","BINAULI                                           ","2018-09-13 13:59:41.460"
"0","","","","","","","UTTAR PRADESH","BAGHPAT","BARAUT                                            ","2018-09-14 11:50:35.673"
"0","","","","","","","UTTAR PRADESH","BAGHPAT","BARAUT                                            ","2018-09-14 11:50:35.673"
"0","AGRICULTURE","Others","Others","","kisna bima khan se hoga?","Kisan bhai 0522-2621173 ya 9450101902 pr kisan aap apni smsya ka smadhan kr skte hai","UTTAR PRADESH","BAGHPAT","PILANA                                            ","2018-09-14 13:18:35.170"
"0","AGRICULTURE","Others","Others","","kisna bima khan se hoga?","Kisan bhai 0522-2621173 ya 9450101902 pr kisan aap apni smsya ka smadhan kr skte hai","UTTAR PRADESH","BAGHPAT","PILANA                                            ","2018-09-14 13:18:35.170"
"0","AGRICULTURE","Others","Others","","Kisan panjikaran karana hai ?","Kisan panjikaran www.agriculture.up.nic.in par rajistration kare","UTTAR PRADESH","BAGHPAT","PILANA                                            ","2018-09-15 12:22:46.493"
"0","AGRICULTURE","Others","Others","","Kisan panjikaran karana hai ?","Kisan panjikaran www.agriculture.up.nic.in par rajistration kare","UTTAR PRADESH","BAGHPAT","PILANA                                            ","2018-09-15 12:22:46.493"
"0","HORTICULTURE","Medicinal and Aromatic Plants","Satawar","","satawar ka seed kaha se milega ....?","kisan bhai aap is number samparak kare- 0522 2359623","UTTAR PRADESH","BAGHPAT","BAGHPAT                                           ","2018-09-15 21:50:20.090"
"0","HORTICULTURE","Medicinal and Aromatic Plants","Satawar","","satawar ka seed kaha se milega ....?","kisan bhai aap is number samparak kare- 0522 2359623","UTTAR PRADESH","BAGHPAT","BAGHPAT                                           ","2018-09-15 21:50:20.090"
"0","HORTICULTURE","Fruits","Mango","","insect problem in mango?","kisan bhai monocrotophas 36% SL 2ml/ liter pani ki dar se sprey kre","UTTAR PRADESH","BAGHPAT","CHHAPRAULI                                        ","2018-09-16 09:55:27.180"
"0","HORTICULTURE","Fruits","Mango","","insect problem in mango?","kisan bhai monocrotophas 36% SL 2ml/ liter pani ki dar se sprey kre","UTTAR PRADESH","BAGHPAT","CHHAPRAULI                                        ","2018-09-16 09:55:27.180"
"0","AGRICULTURE","Cereals","Paddy (Dhan)","","INFORMATION ABOUT PADDY CROPS..?","KISAN BHAI AP IMIDACLOPRID 17.8 SL .5 ML/LITER  KI DAR SE CHIDKAW KARE","UTTAR PRADESH","BAGHPAT","BAGHPAT                                           ","2018-09-16 12:20:00.083"
"0","AGRICULTURE","Cereals","Paddy (Dhan)","","INFORMATION ABOUT PADDY CROPS..?","KISAN BHAI AP IMIDACLOPRID 17.8 SL .5 ML/LITER  KI DAR SE CHIDKAW KARE","UTTAR PRADESH","BAGHPAT","BAGHPAT                                           ","2018-09-16 12:20:00.083"
"0","AGRICULTURE","Sugar and Starch Crops","Sugarcane (Noble Cane)","","fungus cantrol of sugarcane ?","carbendazim-50%WP 500 gram/acre 30-40kg urea me milakar/acre bubai kare","UTTAR PRADESH","BAGHPAT","BINAULI                                           ","2018-09-16 15:58:09.317"
"0","AGRICULTURE","Sugar and Starch Crops","Sugarcane (Noble Cane)","","fungus cantrol of sugarcane ?","carbendazim-50%WP 500 gram/acre 30-40kg urea me milakar/acre bubai kare","UTTAR PRADESH","BAGHPAT","BINAULI                                           ","2018-09-16 15:58:09.317"
"KHARIF","AGRICULTURE","Others","Others","Weather","Information of crop insurance ...?","Contact information for Crop Insurance - 1800 103 0061","UTTAR PRADESH","BAGHPAT","BINAULI                                           ","2018-09-17 11:09:22.553"
"KHARIF","AGRICULTURE","Others","Others","Weather","Information of crop insurance ...?","Contact information for Crop Insurance - 1800 103 0061","UTTAR PRADESH","BAGHPAT","BINAULI                                           ","2018-09-17 11:09:22.553"
"KHARIF","AGRICULTURE","Others","Others","Weather","Weather Information in Baghpat ...?","Farmer brothers this week you have the possibility of drizzle today and tomorrow and each day there is a possibility of the cloud","UTTAR PRADESH","BAGHPAT","BINAULI                                           ","2018-09-17 11:19:29.787"
"KHARIF","AGRICULTURE","Others","Others","Weather","Weather Information in Baghpat ...?","Farmer brothers this week you have the possibility of drizzle today and tomorrow and each day there is a possibility of the cloud","UTTAR PRADESH","BAGHPAT","BINAULI                                           ","2018-09-17 11:19:29.787"
"KHARIF","AGRICULTURE","Others","Others","Weather","Weather Information in Baghpat ...?","Farmer brothers this week you have the possibility of drizzle today and tomorrow and each day there is a possibility of the cloud","UTTAR PRADESH","BAGHPAT","BINAULI                                           ","2018-09-17 11:19:30.350"
"KHARIF","AGRICULTURE","Others","Others","Weather","Weather Information in Baghpat ...?","Farmer brothers this week you have the possibility of drizzle today and tomorrow and each day there is a possibility of the cloud","UTTAR PRADESH","BAGHPAT","BINAULI                                           ","2018-09-17 11:19:30.350"
"0","","","","","","","UTTAR PRADESH","BAGHPAT","CHHAPRAULI                                        ","2018-09-17 15:48:11.923"
"0","","","","","","","UTTAR PRADESH","BAGHPAT","CHHAPRAULI                                        ","2018-09-17 15:48:11.923"
"0","HORTICULTURE","Vegetables","Bottle Gourd ","","fruit growth in  bottle","AMINO ACID 16  (10) 8.00  KILO  GRAM  /ACER  KI DAR SE PRAYOG KARE ","UTTAR PRADESH","BAGHPAT","BAGHPAT                                           ","2018-09-18 09:21:01.950"
"0","HORTICULTURE","Vegetables","Bottle Gourd ","","fruit growth in  bottle","AMINO ACID 16  (10) 8.00  KILO  GRAM  /ACER  KI DAR SE PRAYOG KARE ","UTTAR PRADESH","BAGHPAT","BAGHPAT                                           ","2018-09-18 09:21:01.950"
"0","HORTICULTURE","Medicinal and Aromatic Plants","Safed Musli","","information for Safed Musli....?","kisan bhai aap KVK par sampark kare","UTTAR PRADESH","BAGHPAT","BINAULI                                           ","2018-09-18 10:13:16.797"
"0","HORTICULTURE","Medicinal and Aromatic Plants","Safed Musli","","information for Safed Musli....?","kisan bhai aap KVK par sampark kare","UTTAR PRADESH","BAGHPAT","BINAULI                                           ","2018-09-18 10:13:16.797"
"0","","","","","","","UTTAR PRADESH","BAGHPAT","KHEKRA                                            ","2018-09-18 10:30:32.457"
"0","","","","","","","UTTAR PRADESH","BAGHPAT","KHEKRA                                            ","2018-09-18 10:30:32.457"
"0","AGRICULTURE","Cereals","Paddy (Dhan)","","Rice blast in paddy crop?","Kisan bhai ap dhaan ki fasal me Tricyclazole 75% WP @ 150 gram/acre ki dar se 150 litr panee me ghol banakare chhidkaw kare","UTTAR PRADESH","BAGHPAT","BARAUT                                            ","2018-09-18 11:01:16.150"
"0","AGRICULTURE","Cereals","Paddy (Dhan)","","Rice blast in paddy crop?","Kisan bhai ap dhaan ki fasal me Tricyclazole 75% WP @ 150 gram/acre ki dar se 150 litr panee me ghol banakare chhidkaw kare","UTTAR PRADESH","BAGHPAT","BARAUT                                            ","2018-09-18 11:01:16.150"
"0","HORTICULTURE","Vegetables","Cucumber","","flower drop of cucumber....?","Spray with Alpha Napthyl Acetic Acid 4.5 SL (Planofix) @ 1 mili/3-4 litres of water.
","UTTAR PRADESH","BAGHPAT","KHEKRA                                            ","2018-09-18 11:56:28.120"
"0","HORTICULTURE","Vegetables","Cucumber","","flower drop of cucumber....?","Spray with Alpha Napthyl Acetic Acid 4.5 SL (Planofix) @ 1 mili/3-4 litres of water.
","UTTAR PRADESH","BAGHPAT","KHEKRA                                            ","2018-09-18 11:56:28.120"
"0","AGRICULTURE","Others","Others","","About kisan credit card?","for more further details contact your nearest rural bank.","UTTAR PRADESH","BAGHPAT","VISHESHWARGANJ                                    ","2018-09-18 18:16:58.113"
"0","AGRICULTURE","Others","Others","","About kisan credit card?","for more further details contact your nearest rural bank.","UTTAR PRADESH","BAGHPAT","VISHESHWARGANJ                                    ","2018-09-18 18:16:58.113"
"0","ANIMAL HUSBANDRY","Animal","Bovine(Cow,Buffalo)","","","","UTTAR PRADESH","BAGHPAT","BAGHPAT                                           ","2018-09-18 18:25:47.423"
"0","ANIMAL HUSBANDRY","Animal","Bovine(Cow,Buffalo)","","","","UTTAR PRADESH","BAGHPAT","BAGHPAT                                           ","2018-09-18 18:25:47.423"
"0","AGRICULTURE","","","","weather forecast information  ..?                                            ","kisan bhai aap ke kshetra me 22 september se 24 september  tak barish ki sambhawana hai.","UTTAR PRADESH","BAGHPAT","BARAUT                                            ","2018-09-20 14:49:22.410"
"0","AGRICULTURE","","","","weather forecast information  ..?                                            ","kisan bhai aap ke kshetra me 22 september se 24 september  tak barish ki sambhawana hai.","UTTAR PRADESH","BAGHPAT","BARAUT                                            ","2018-09-20 14:49:22.410"
"0","HORTICULTURE","Fruits","Aonla","","fertilizer dose in aonla ?","aonla me 400 gm nitrogen ,250 gm phosphoras,300 gm potash /ped me dale ","UTTAR PRADESH","BAGHPAT","CHHAPRAULI                                        ","2018-09-20 16:21:49.823"
"0","HORTICULTURE","Fruits","Aonla","","fertilizer dose in aonla ?","aonla me 400 gm nitrogen ,250 gm phosphoras,300 gm potash /ped me dale ","UTTAR PRADESH","BAGHPAT","CHHAPRAULI                                        ","2018-09-20 16:21:49.823"
"0","AGRICULTURE","Others","Others","","about about harrow subsidy ..?","kisan bhai ap krishi upnideshak karyalay sesampark kre ","UTTAR PRADESH","BAGHPAT","BINAULI                                           ","2018-09-22 17:20:00.593"
"0","AGRICULTURE","Others","Others","","about about harrow subsidy ..?","kisan bhai ap krishi upnideshak karyalay sesampark kre ","UTTAR PRADESH","BAGHPAT","BINAULI                                           ","2018-09-22 17:20:00.593"
"0","","","","","","","UTTAR PRADESH","BAGHPAT","BAGHPAT                                           ","2018-09-22 17:55:55.200"
"0","","","","","","","UTTAR PRADESH","BAGHPAT","BAGHPAT                                           ","2018-09-22 17:55:55.200"
"0","AGRICULTURE","Others","","","","","UTTAR PRADESH","BAGHPAT","BINAULI                                           ","2018-09-22 18:10:11.833"
"0","AGRICULTURE","Others","","","","","UTTAR PRADESH","BAGHPAT","BINAULI                                           ","2018-09-22 18:10:11.833"
"0","HORTICULTURE","Vegetables","Ash Gourd (Petha)","","plant protection ?","  npk 18:18:18 , 5 gm / liter pani ki dar se gholkar spray karen","UTTAR PRADESH","BAGHPAT","PILANA                                            ","2018-09-22 18:12:36.197"
"0","HORTICULTURE","Vegetables","Ash Gourd (Petha)","","plant protection ?","  npk 18:18:18 , 5 gm / liter pani ki dar se gholkar spray karen","UTTAR PRADESH","BAGHPAT","PILANA                                            ","2018-09-22 18:12:36.197"
"0","HORTICULTURE","Vegetables","Brinjal","","plant proterction in Brinjal?","Sprey Quinalphos 20% + Cypermethrin 3% @ 2 ml / liter of water","UTTAR PRADESH","BAGHPAT","KHEKRA                                            ","2018-09-24 07:58:38.740"
"0","HORTICULTURE","Vegetables","Brinjal","","plant proterction in Brinjal?","Sprey Quinalphos 20% + Cypermethrin 3% @ 2 ml / liter of water","UTTAR PRADESH","BAGHPAT","KHEKRA                                            ","2018-09-24 07:58:38.740"
"0","","","","","INFORMATION ABOUT ORGANIC FERTILIZER....?","KISAN BHAI AAP 7 FEET LAMBA ,3 FEET CHODA ,1 METER UNCHA TANK BANAKAAR TANK KA 1 FEET BHAG JAMEN SE UPAR BAKI BHAG JAMEEN KE NICHE 
","UTTAR PRADESH","BAGHPAT","KHEKRA                                            ","2018-09-24 15:02:51.450"
"0","","","","","INFORMATION ABOUT ORGANIC FERTILIZER....?","KISAN BHAI AAP 7 FEET LAMBA ,3 FEET CHODA ,1 METER UNCHA TANK BANAKAAR TANK KA 1 FEET BHAG JAMEN SE UPAR BAKI BHAG JAMEEN KE NICHE 
","UTTAR PRADESH","BAGHPAT","KHEKRA                                            ","2018-09-24 15:02:51.450"
"0","","","","","","","UTTAR PRADESH","BAGHPAT","BINAULI                                           ","2018-09-25 12:07:52.140"
"0","","","","","","","UTTAR PRADESH","BAGHPAT","BINAULI                                           ","2018-09-25 12:07:52.140"
"0","AGRICULTURE","Cereals","Paddy (Dhan)","","Plant protection of paddy crop.......?","Farmer brother Spray the Cartap Hydrochloride @ 50% SP @ 400 g per acre.","UTTAR PRADESH","BAGHPAT","KHEKRA                                            ","2018-09-25 15:00:53.343"
"0","AGRICULTURE","Cereals","Paddy (Dhan)","","Plant protection of paddy crop.......?","Farmer brother Spray the Cartap Hydrochloride @ 50% SP @ 400 g per acre.","UTTAR PRADESH","BAGHPAT","KHEKRA                                            ","2018-09-25 15:00:53.343"
"0","AGRICULTURE","Sugar and Starch Crops","Sugarcane (Noble Cane)","","plant protection in sugarcane crop........?","Dear farmer use to Phorate 10% GR 10 Kg/acre spread on the field
","UTTAR PRADESH","BAGHPAT","BINAULI                                           ","2018-09-25 16:23:23.663"
"0","AGRICULTURE","Sugar and Starch Crops","Sugarcane (Noble Cane)","","plant protection in sugarcane crop........?","Dear farmer use to Phorate 10% GR 10 Kg/acre spread on the field
","UTTAR PRADESH","BAGHPAT","BINAULI                                           ","2018-09-25 16:23:23.663"
"0","AGRICULTURE","Others","Others","","please give me weather information ?
","poore saptah halke badal ke sat Mausam saf rahne ka anuman hai
","UTTAR PRADESH","BAGHPAT","KHEKRA                                            ","2018-09-25 17:04:24.433"
"0","AGRICULTURE","Others","Others","","please give me weather information ?
","poore saptah halke badal ke sat Mausam saf rahne ka anuman hai
","UTTAR PRADESH","BAGHPAT","KHEKRA                                            ","2018-09-25 17:04:24.433"
"0","AGRICULTURE","Sugar and Starch Crops","Sugarcane (Noble Cane)","","plant protection in sugarcane crop...?","kisan bhai aap copper oxychloride 500 gram / acre 200 liter pani me ghol bana kar spray kare","UTTAR PRADESH","BAGHPAT","BARAUT                                            ","2018-09-25 18:01:23.127"
"0","AGRICULTURE","Sugar and Starch Crops","Sugarcane (Noble Cane)","","plant protection in sugarcane crop...?","kisan bhai aap copper oxychloride 500 gram / acre 200 liter pani me ghol bana kar spray kare","UTTAR PRADESH","BAGHPAT","BARAUT                                            ","2018-09-25 18:01:23.127"
"0","AGRICULTURE","Others","Others","","KCC KI JANKARI...?","KCC  KI JANKARI KE LIYE BANK PAR SAMPRK KARE ","UTTAR PRADESH","BAGHPAT","KHEKRA                                            ","2018-09-25 21:28:30.210"
"0","AGRICULTURE","Others","Others","","KCC KI JANKARI...?","KCC  KI JANKARI KE LIYE BANK PAR SAMPRK KARE ","UTTAR PRADESH","BAGHPAT","KHEKRA                                            ","2018-09-25 21:28:30.210"
"0","HORTICULTURE","Vegetables","Cauliflower","","Control of Leaf eating caterpillar in Cauliflower","Dear farmer spray of Dichlorvas 76% EC @ 200 ml/acre with 200 liter of water
","UTTAR PRADESH","BAGHPAT","KHEKRA                                            ","2018-09-26 08:27:51.947"
"0","HORTICULTURE","Vegetables","Cauliflower","","Control of Leaf eating caterpillar in Cauliflower","Dear farmer spray of Dichlorvas 76% EC @ 200 ml/acre with 200 liter of water
","UTTAR PRADESH","BAGHPAT","KHEKRA                                            ","2018-09-26 08:27:51.947"
"KHARIF","AGRICULTURE","Others","Others","Weather","Weather information in Baraut district ...?","This week you are likely to have a clear weather","UTTAR PRADESH","BAGHPAT","CHHAPRAULI                                        ","2018-09-26 11:05:08.643"
"KHARIF","AGRICULTURE","Others","Others","Weather","Weather information in Baraut district ...?","This week you are likely to have a clear weather","UTTAR PRADESH","BAGHPAT","CHHAPRAULI                                        ","2018-09-26 11:05:08.643"
"0","","","","","","","UTTAR PRADESH","BAGHPAT","","2018-09-26 12:06:09.840"
"0","","","","","","","UTTAR PRADESH","BAGHPAT","","2018-09-26 12:06:13.613"
"0","","","","","","","UTTAR PRADESH","BAGHPAT","","2018-09-27 08:55:47.910"
"0","","","","","","","UTTAR PRADESH","BAGHPAT","KHEKRA                                            ","2018-09-27 12:37:24.377"
"0","","","","","","","UTTAR PRADESH","BAGHPAT","KHEKRA                                            ","2018-09-27 12:37:24.377"
"0","","","","","","","UTTAR PRADESH","BAGHPAT","BINAULI                                           ","2018-09-27 18:03:52.627"
"0","","","","","","","UTTAR PRADESH","BAGHPAT","BINAULI                                           ","2018-09-27 18:03:52.627"
"0","AGRICULTURE","Cereals","Paddy (Dhan)","","gundhi bug control in paddy ..?","KISAN BHAI AP MAILATHIYAN 5 % DP @ 7-8 KG / ACRE KE HISAB SE BURAKAW KARE
","UTTAR PRADESH","BAGHPAT","BAGHPAT                                           ","2018-09-27 18:56:36.973"
"0","AGRICULTURE","Cereals","Paddy (Dhan)","","gundhi bug control in paddy ..?","KISAN BHAI AP MAILATHIYAN 5 % DP @ 7-8 KG / ACRE KE HISAB SE BURAKAW KARE
","UTTAR PRADESH","BAGHPAT","BAGHPAT                                           ","2018-09-27 18:56:36.973"
"0","","","","","","","UTTAR PRADESH","BAGHPAT","BARAUT                                            ","2018-09-29 08:29:52.657"
"0","","","","","","","UTTAR PRADESH","BAGHPAT","BARAUT                                            ","2018-09-29 08:29:52.657"
"KHARIF","AGRICULTURE","Oilseeds","Mustard","Varieties","varaeites of mustard ?","45 ?? 51, 45 ?? 27, 45 ?? 30, 45 ?? 19, 45 ?? 21, 44?? 01, 44 ?? 42, 49 ?? 45","UTTAR PRADESH","BAGHPAT","BAGHPAT                                           ","2018-09-29 08:32:07.300"
"KHARIF","AGRICULTURE","Oilseeds","Mustard","Varieties","varaeites of mustard ?","45 ?? 51, 45 ?? 27, 45 ?? 30, 45 ?? 19, 45 ?? 21, 44?? 01, 44 ?? 42, 49 ?? 45","UTTAR PRADESH","BAGHPAT","BAGHPAT                                           ","2018-09-29 08:32:07.300"
"0","AGRICULTURE","Sugar and Starch Crops","Sugarcane (Noble Cane)","","ganne ki pattiya pili pad raha hai?","2 kilogram mancozeb/ hactaer ki dar se spray kare","UTTAR PRADESH","BAGHPAT","BARAUT                                            ","2018-09-29 10:39:47.993"
"0","AGRICULTURE","Sugar and Starch Crops","Sugarcane (Noble Cane)","","ganne ki pattiya pili pad raha hai?","2 kilogram mancozeb/ hactaer ki dar se spray kare","UTTAR PRADESH","BAGHPAT","BARAUT                                            ","2018-09-29 10:39:47.993"
"0","","","","","","","UTTAR PRADESH","BAGHPAT","BINAULI                                           ","2018-09-29 11:46:40.080"
"0","","","","","","","UTTAR PRADESH","BAGHPAT","BINAULI                                           ","2018-09-29 11:46:40.080"
"0","","","","","","","UTTAR PRADESH","BAGHPAT","","2018-09-29 11:51:56.420"
"0","","","","","","","UTTAR PRADESH","BAGHPAT","KHEKRA                                            ","2018-09-29 12:09:41.793"
"0","","","","","","","UTTAR PRADESH","BAGHPAT","KHEKRA                                            ","2018-09-29 12:09:41.793"
"0","","","","","","","UTTAR PRADESH","BAGHPAT","KHEKRA                                            ","2018-09-29 12:11:08.233"
"0","","","","","","","UTTAR PRADESH","BAGHPAT","KHEKRA                                            ","2018-09-29 12:11:08.233"
"0","AGRICULTURE","Oilseeds","Mustard","","Information of varieties in the mustard crop......? ","sarso ki prajati-pusa bold,narendra rai,narendra sorna rai-8,rohinee","UTTAR PRADESH","BAGHPAT","BINAULI                                           ","2018-09-29 13:10:57.640"
"0","AGRICULTURE","Oilseeds","Mustard","","Information of varieties in the mustard crop......? ","sarso ki prajati-pusa bold,narendra rai,narendra sorna rai-8,rohinee","UTTAR PRADESH","BAGHPAT","BINAULI                                           ","2018-09-29 13:10:57.640"
"0","AGRICULTURE","Others","Others","","Weather INFORMATION ?
","kisan bhai aapke block me 4 october  tk  barish ki sambhavna nhi hai.
","UTTAR PRADESH","BAGHPAT","CHHAPRAULI                                        ","2018-09-29 15:02:16.390"
"0","AGRICULTURE","Others","Others","","Weather INFORMATION ?
","kisan bhai aapke block me 4 october  tk  barish ki sambhavna nhi hai.
","UTTAR PRADESH","BAGHPAT","CHHAPRAULI                                        ","2018-09-29 15:02:16.390"
"0","AGRICULTURE","Others","Others","","pant nagar me  mele ki  jankari ?","kisan bhai   pant nagar kisan mela 05 se 08 tak kar sakte hai ","UTTAR PRADESH","BAGHPAT","CHHAPRAULI                                        ","2018-09-30 08:28:25.270"
"0","AGRICULTURE","Others","Others","","pant nagar me  mele ki  jankari ?","kisan bhai   pant nagar kisan mela 05 se 08 tak kar sakte hai ","UTTAR PRADESH","BAGHPAT","CHHAPRAULI                                        ","2018-09-30 08:28:25.270"
"0","","","","","","","UTTAR PRADESH","BAGHPAT","PILANA                                            ","2018-09-30 08:59:38.853"
"0","","","","","","","UTTAR PRADESH","BAGHPAT","PILANA                                            ","2018-09-30 08:59:38.853"
"0","","","","","","","UTTAR PRADESH","BAGHPAT","PILANA                                            ","2018-09-30 08:59:57.043"
"0","","","","","","","UTTAR PRADESH","BAGHPAT","PILANA                                            ","2018-09-30 08:59:57.043"
"0","","","","","","","UTTAR PRADESH","BAGHPAT","","2018-09-30 13:12:36.877"
"0","","","","","","","UTTAR PRADESH","BAGHPAT","BAGHPAT                                           ","2018-09-30 18:23:03.317"
"0","","","","","","","UTTAR PRADESH","BAGHPAT","BAGHPAT                                           ","2018-09-30 18:23:03.317"
"0","ANIMAL HUSBANDRY","Animal","Bovine(Cow,Buffalo)","","Disease problem in buffalo..?","Kisan bhai aap es number par sampark kare-1800-180-5141","UTTAR PRADESH","BAGHPAT","PILANA                                            ","2018-09-30 18:56:02.153"
"0","ANIMAL HUSBANDRY","Animal","Bovine(Cow,Buffalo)","","Disease problem in buffalo..?","Kisan bhai aap es number par sampark kare-1800-180-5141","UTTAR PRADESH","BAGHPAT","PILANA                                            ","2018-09-30 18:56:02.153"
